id,release_date,title,source,link,tags,description
1,2024-11-15,OpenAI Announces GPT-5 Preview with Enhanced Reasoning,The Verge,https://example.com/news/1,"OpenAI, GPT-5, LLM, Technical","OpenAI has teased the upcoming release of GPT-5, promising significant improvements in logical reasoning and long-horizon task planning compared to its predecessor."
2,2024-11-20,EU AI Act Comes into Full Effect,TechCrunch,https://example.com/news/2,"Regulation, EU, Policy, Safety","The European Union's comprehensive AI Act officially enters into force today, setting strict guidelines for high-risk AI applications and transparency requirements."
3,2024-12-05,Google DeepMind Reveals Gemini 2.0 Multimodal Capabilities,Wired,https://example.com/news/3,"Google, DeepMind, Gemini, Multimodal","DeepMind showcases Gemini 2.0, demonstrating near-instantaneous video and audio processing capabilities that surpass human reaction times in specific benchmarks."
4,2024-12-12,Anthropic Raises $4B to Scale Claude Infrastructure,Bloomberg,https://example.com/news/4,"Anthropic, Funding, Business, Claude","Anthropic secures a massive $4 billion funding round led by Amazon and Google to expand its compute infrastructure for the next generation of Claude models."
5,2025-01-08,Tesla Optimus Gen 3 Demonstrates Autonomous Factory Work,Electrek,https://example.com/news/5,"Tesla, Robotics, Optimus, Manufacturing","Tesla's latest Optimus robot is shown performing complex assembly tasks in a factory setting without teleoperation, marking a major milestone in humanoid robotics."
6,2025-01-15,Meta Releases Llama 4 Open Source Models,Arxiv,https://example.com/news/6,"Meta, Llama, Open Source, LLM","Meta releases the Llama 4 family of models, including a 400B parameter model that tops open-source leaderboards in coding and math benchmarks."
7,2025-01-22,New Copyright Lawsuit Targets AI Image Generators,Reuters,https://example.com/news/7,"Copyright, Legal, Policy, Generative AI","A coalition of artists files a class-action lawsuit against major AI image generation platforms, alleging unauthorized use of copyrighted works for training data."
8,2025-02-03,Figure AI Partners with BMW for Humanoid Deployment,TechCrunch,https://example.com/news/8,"Figure AI, Robotics, BMW, Business","Figure AI announces a strategic partnership with BMW to deploy humanoid robots in manufacturing facilities in South Carolina."
9,2025-02-10,Mistral AI Unveils 'Large' Model Rivaling GPT-4,The Information,https://example.com/news/9,"Mistral, LLM, Europe, Technical","French startup Mistral AI releases its largest model yet, claiming performance parity with GPT-4 while maintaining a significantly smaller inference footprint."
10,2025-02-18,US Government Issues Executive Order on AI Watermarking,White House Press,https://example.com/news/10,"Regulation, US, Policy, Safety","The White House issues a new executive order mandating digital watermarking for all AI-generated content produced by government agencies and contractors."
11,2025-03-01,NVIDIA Announces Blackwell B200 AI Chips Shipping,AnandTech,https://example.com/news/11,"NVIDIA, Hardware, Chips, Business","NVIDIA confirms that its next-generation Blackwell B200 AI accelerators have begun shipping to major cloud providers, promising 30x inference speedups."
12,2025-03-12,Apple Integrates Generative AI into iOS 19,The Verge,https://example.com/news/12,"Apple, iOS, Siri, Consumer AI","Apple previews iOS 19, featuring deep integration of generative AI across the operating system, including a completely overhauled Siri assistant."
13,2025-03-20,Researchers Achieve Breakthrough in AI Mathematical Proofs,Nature,https://example.com/news/13,"Research, Math, Technical, Arxiv","A team of researchers publishes a paper demonstrating an AI system capable of solving complex mathematical theorems that had previously stumped mathematicians."
14,2025-04-05,Microsoft Acquires AI Agent Startup Inflection for $2.5B,TechCrunch,https://example.com/news/14,"Microsoft, Acquisition, Business, Agents","Microsoft completes the acquisition of Inflection AI to bolster its consumer AI division and integrate Pi's conversational capabilities into Windows."
15,2025-04-15,Global AI Safety Summit Held in Tokyo,Reuters,https://example.com/news/15,"Safety, Policy, Global, Summit","World leaders and tech executives gather in Tokyo for the third Global AI Safety Summit to discuss international cooperation on preventing existential AI risks."
16,2025-04-28,Boston Dynamics Atlas Robot Shows New Parkour Skills,YouTube,https://example.com/news/16,"Boston Dynamics, Robotics, Atlas, Technical","Boston Dynamics releases a video of its electric Atlas robot performing advanced parkour maneuvers with improved balance and agility."
17,2025-05-10,OpenAI Releases Sora to Public,The Verge,https://example.com/news/17,"OpenAI, Sora, Video, Generative AI","After a long beta period, OpenAI makes its text-to-video model, Sora, available to the general public, revolutionizing content creation tools."
18,2025-05-22,Amazon Bedrock Adds Support for Custom Model Fine-Tuning,AWS Blog,https://example.com/news/18,"Amazon, AWS, Cloud, Business","Amazon Web Services announces new capabilities for Bedrock, allowing enterprises to securely fine-tune proprietary models with their own data."
19,2025-06-01,Study Finds AI Doctors Outperform Humans in Diagnostic Accuracy,New England Journal of Medicine,https://example.com/news/19,"Healthcare, Research, Technical, Medicine","A peer-reviewed study reveals that a specialized medical AI system achieved higher diagnostic accuracy than human doctors in a controlled trial."
20,2025-06-15,California Passes Bill Requiring AI Model Registration,San Francisco Chronicle,https://example.com/news/20,"California, Regulation, Policy, Legal","California state legislature passes a controversial bill requiring developers of large AI models to register their training data and safety protocols with the state."
21,2025-06-30,Hugging Face Launches 'Hugging Chat' Enterprise Edition,VentureBeat,https://example.com/news/21,"Hugging Face, Open Source, Business, Enterprise","Hugging Face launches an enterprise version of its chat interface, offering secure, private deployment of open-source models for businesses."
22,2025-07-08,Google DeepMind Solves Protein Folding for Drug Discovery,Nature,https://example.com/news/22,"DeepMind, AlphaFold, Biotech, Technical","DeepMind announces AlphaFold 4, which can now predict protein-ligand interactions with high accuracy, accelerating the drug discovery process."
23,2025-07-18,X.ai Releases Grok-2 with Real-time Visual Understanding,X News,https://example.com/news/23,"Grok, X.ai, Elon Musk, Technical","Elon Musk's AI company releases Grok-2, featuring real-time visual understanding and integration with the X platform's live data stream."
24,2025-08-02,SoftBank Invests $1B in AI Robotics Startup,Bloomberg,https://example.com/news/24,"SoftBank, Investment, Robotics, Business","SoftBank leads a $1 billion investment round in a stealth robotics startup founded by former Tesla and Google engineers."
25,2025-08-12,AI-Generated Movie Wins Award at Film Festival,Variety,https://example.com/news/25,"Entertainment, Generative AI, Culture, News","A short film created entirely using AI video generation tools wins a special jury prize at a major international film festival, sparking debate."
26,2025-08-25,Salesforce Unveils Einstein GPT for Autonomous Sales Agents,TechCrunch,https://example.com/news/26,"Salesforce, Business, Agents, CRM","Salesforce launches autonomous AI agents capable of negotiating contracts and closing deals with minimal human supervision."
27,2025-09-05,China Releases New Guidelines for Generative AI Services,South China Morning Post,https://example.com/news/27,"China, Regulation, Policy, International","Chinese regulators publish updated guidelines for generative AI services, emphasizing content control and alignment with socialist values."
28,2025-09-15,Midjourney V7 Released with 3D Model Generation,Ars Technica,https://example.com/news/28,"Midjourney, Generative AI, 3D, Technical","Midjourney V7 introduces the ability to generate high-quality 3D assets from text prompts, targeting game developers and designers."
29,2025-09-28,Intel Launches Gaudi 4 AI Accelerator to Rival NVIDIA,Tom's Hardware,https://example.com/news/29,"Intel, Hardware, Chips, Business","Intel unveils its Gaudi 4 AI accelerator, claiming superior price-performance for training large language models compared to NVIDIA's H100."
30,2025-10-10,Researchers Develop 'Self-Healing' Neural Networks,Science,https://example.com/news/30,"Research, Technical, Neural Networks, Innovation","Scientists demonstrate a new neural network architecture that can detect and repair damaged connections, improving robustness against adversarial attacks."
31,2025-10-20,Spotify Launches AI DJ with Voice Cloning for Artists,The Verge,https://example.com/news/31,"Spotify, Music, Audio, Consumer AI","Spotify introduces a feature allowing artists to clone their voices for personalized AI DJ introductions and commentary on user playlists."
32,2025-11-01,UN Establishes International AI Atomic Energy Agency Equivalent,UN News,https://example.com/news/32,"UN, Policy, Global, Regulation","The United Nations votes to establish a new international agency modeled after the IAEA to monitor and regulate the development of superintelligent AI."
33,2025-11-05,Perplexity AI Valued at $3B in New Funding Round,The Information,https://example.com/news/33,"Perplexity, Search, Funding, Business","AI search engine startup Perplexity raises new capital at a $3 billion valuation, challenging Google's dominance in the search market."
34,2025-11-12,Adobe Firefly Integrated into Video Editing Workflows,TechCrunch,https://example.com/news/34,"Adobe, Creative, Video, Business","Adobe integrates its Firefly generative AI models directly into Premiere Pro, allowing editors to generate B-roll and extend clips automatically."
35,2025-11-15,New Battery Tech Discovered by AI Lab,Nature Materials,https://example.com/news/35,"Science, Materials, Research, Technical","An AI-driven materials science lab discovers a new solid-state battery electrolyte that could double the range of electric vehicles."
36,2025-11-16,GitHub Copilot Workspace Generally Available,GitHub Blog,https://example.com/news/36,"GitHub, Coding, Developer Tools, Business","GitHub announces the general availability of Copilot Workspace, a natural language environment for planning and implementing code changes."
37,2025-11-17,Meta Introduces 'Audiobox' for Voice Generation,Meta AI Blog,https://example.com/news/37,"Meta, Audio, Research, Technical","Meta releases Audiobox, a new foundation model for audio generation that can create custom voices and sound effects from natural language prompts."
38,2025-11-18,Stability AI Releases Stable Diffusion 4,Arxiv,https://example.com/news/38,"Stability AI, Open Source, Image Gen, Technical","Stability AI releases Stable Diffusion 4, featuring greatly improved text adherence and the ability to generate legible text within images."
39,2025-11-19,Roblox Adds Real-time Translation for Global Chat,Engadget,https://example.com/news/39,"Roblox, Gaming, Translation, Consumer AI","Roblox implements real-time AI translation for its in-game chat, allowing players speaking different languages to communicate seamlessly."
40,2025-11-20,AI Agent Solves International Math Olympiad Problems,DeepMind Blog,https://example.com/news/40,"DeepMind, Math, Reasoning, Technical","Google DeepMind's latest AI system achieves a gold-medal standard score on the International Mathematical Olympiad, solving complex geometry and algebra problems."
